"First Name","Last Name"
"Chelsea","Armstrong"
"Richard","Barrett"
"Daryl","Harrison"
"Preston","Phillips"
"Alberta","Evans"
"Kristian","Henderson"
"Melanie","Stevens"
"Darcy","Holmes"
"Antony","Howard"
"Byron","Hill"
"Thomas","Murray"
"Cadie","Roberts"
"Julia","Edwards"
"April","Morris"
"Ashton","Hamilton"
"Alberta","Murray"
"Arthur","Carter"
"Reid","Wells"
"Cherry","Carroll"
"Preston","Carter"
"Blake","Foster"
"Amy","Martin"
"Amanda","Carter"
"Andrew","Perry"
"Reid","Douglas"
"Chloe","Turner"
"Emma","Smith"
"George","Robinson"
"Amy","Gray"
"April","Carter"
"Cherry","Taylor"
"Dexter","Robinson"
"Emma","Montgomery"
"Arnold","Fowler"
"Chester","Johnson"
"Tyler","Ellis"
"Roman","Wells"
"Frederick","Morrison"
"Harold","Brooks"
"Catherine","Carter"
"Belinda","Tucker"
"Charlie","Evans"
"Adelaide","Wilson"
"Abigail","Ellis"
"Anna","Payne"
"Valeria","Owens"
"Alen","Dixon"
"Audrey","Adams"
"David","Ross"
"Lily","Wells"
"Roman","Parker"
"Dominik","Johnston"
"Henry","Carter"
"Owen","Myers"
"Brianna","Allen"
"Penelope","Holmes"
"Wilson","Martin"
"Justin","Howard"
"Preston","Mason"
"Samantha","Warren"
"Julian","West"
"Hailey","Casey"
"Fenton","Johnston"
"Dexter","Mason"
"Alan","Grant"
"Maximilian","Cunningham"
"Tyler","Payne"
"Tara","Martin"
"Walter","Ross"
"Bruce","Parker"
"Arianna","Murphy"
"Charlotte","Perry"
"Alissa","Bennett"
"Vincent","Dixon"
"Amanda","Howard"
"Justin","Gray"
"Ryan","Owens"
"Jenna","Spencer"
"Michelle","Bailey"
"Kristian","Crawford"
"Tara","Casey"
"Harold","Murray"
"Madaline","Cole"
"Freddie","Owens"
"Natalie","Cooper"
"Kate","Johnston"
"Victor","Harper"
"Eddy","Hamilton"
"Brad","Barrett"
"Brad","Wilson"
"Kate","Higgins"
"Tony","Jones"
"Hailey","Morrison"
"Melanie","Ross"
"Preston","Morris"
"Penelope","Allen"
"Annabella","Holmes"
"Brad","Adams"
"Myra","Clark"
"Darcy","Carroll"
"Maria","Thompson"
"Lucy","Hunt"
"Chloe","Ross"
"Lana","Warren"
"Nicholas","Cooper"
"Bruce","Fowler"
"Evelyn","Andrews"
"Kristian","Higgins"
"Deanna","Williams"
"Eleanor","Chapman"
"Byron","Alexander"
"Maddie","Allen"
"Blake","Barnes"
"Rubie","Armstrong"
"Kelsey","Morgan"
"Abigail","Fowler"
"Grace","Roberts"
"Rosie","Campbell"
"Kelvin","Russell"
"Michelle","Owens"
"Tiana","Nelson"
"Dainton","Cameron"
"Belinda","Parker"
"Jasmine","Hunt"
"Natalie","Riley"
"Brooke","Richardson"
"Amber","Richardson"
"Paige","Thomas"
"Annabella","Cameron"
"Tony","Brooks"
"Agata","Cooper"
"Edward","Taylor"
"Gianna","Alexander"
"Paige","Williams"
"Alfred","Wright"
"Agata","Dixon"
"Caroline","Cooper"
"Camila","Cameron"
"Joyce","Crawford"
"Lenny","Moore"
"Vivian","Watson"
"Robert","Cameron"
"Savana","Bennett"
"Briony","Campbell"
"Ellia","Howard"
"Lucas","Bailey"
"Freddie","Morris"
"Max","Cameron"
"Freddie","Cameron"
"Marcus","Wells"
"Kevin","Johnson"
"Justin","Bailey"
"Fiona","Craig"
"John","Dixon"
"Harold","Perkins"
"Chester","Edwards"
"Tony","Parker"
"Kelsey","Cameron"
"Kelvin","Ferguson"
"Maximilian","Alexander"
"Tyler","Rogers"
"Belinda","Richards"
"Kate","Watson"
"Camila","Lloyd"
"Tiana","Montgomery"
"Anna","Anderson"
"Alen","Carter"
"Blake","Higgins"
"Lydia","Payne"
"April","Grant"
"Kellan","Baker"
"Adam","Turner"
"Chloe","Ryan"
"Tony","Wright"
"Jared","Hall"
"Eleanor","Walker"
"Brooke","Cole"
"Carl","Hall"
"Amy","Bennett"
"Mike","Payne"
"Carlos","Carroll"
"Sienna","Perkins"
"Elise","Casey"
"Edgar","Morgan"
"Michelle","Stevens"
"Florrie","Higgins"
"Naomi","Alexander"
"Arthur","Fowler"
"Alberta","Riley"
"Tess","Henderson"
"Alisa","Williams"
"Gianna","Miller"
"Kimberly","Campbell"
"Aldus","Craig"
"Oscar","Brown"
"Justin","Payne"
"Oscar","Moore"
"Luke","Armstrong"
"William","Clark"
"Kelvin","Harper"
